res,lagtime_index,lagtime_ns,mean,std
0,6,201.0,0.7238465880962257,0.010730888981246852
1,6,201.0,0.4385221160087549,0.048914842295178076
2,6,201.0,0.5422808709869027,0.0507031686497428
