res,state,lagtime_index,lagtime_ns,mean,std
0,0,8,201.0,0.7064133769974549,0.008197770031238363
0,1,8,201.0,0.7067880842369907,0.00714542314732466
0,2,8,201.0,0.7065714187539304,0.002572740205429179
0,3,8,201.0,0.7064342956608871,0.009584758943972857
1,0,8,201.0,0.46809611039387755,0.006151949204645703
1,1,8,201.0,0.46866426066707684,0.005840312167828145
1,2,8,201.0,0.4686570905830866,0.004251137581781876
1,3,8,201.0,0.4687928557593656,0.007130723239958507
2,0,8,201.0,0.5963004543707852,0.009520950397864181
2,1,8,201.0,0.5969875997836165,0.006642924778307565
2,2,8,201.0,0.5970871316386746,0.00497417386596
2,3,8,201.0,0.5971513982308677,0.01280960903641933
