res,state,lagtime_index,lagtime_ns,mean,std
0,0,14,101.0,0.7111725583465961,0.015247691967627184
0,1,14,101.0,0.7115635609127653,0.015375478290586235
0,2,14,101.0,0.7085690130524662,0.009058385488565256
0,3,14,101.0,0.696585976390314,0.006495498861438227
0,4,14,101.0,0.681116289951641,0.010597845102743374
0,5,14,101.0,0.6730810265413555,0.01547630903102254
1,0,14,101.0,0.4531240955065883,0.011033927125441512
1,1,14,101.0,0.4533548941061908,0.011687951433055784
1,2,14,101.0,0.45746631637453106,0.006728353102812925
1,3,14,101.0,0.477970184666809,0.004118008104562134
1,4,14,101.0,0.4932414716963185,0.0077053813534125335
1,5,14,101.0,0.5129064022557102,0.013078254584262256
2,0,14,101.0,0.5749682502903563,0.005775284046835137
2,1,14,101.0,0.5822187151196391,0.00596693714235127
2,2,14,101.0,0.5978701301001855,0.007647351838141352
2,3,14,101.0,0.6181368959971313,0.00664883866377181
2,4,14,101.0,0.622375225424253,0.009888609118179327
2,5,14,101.0,0.6145084874196369,0.015361428774697558
